transaction_id,dob,gender,amount,is_fraud,age,gender_encoded,city_Bangalore,city_Chennai,city_Delhi,city_Hyderabad,city_Mumbai,predicted_fraud
1,1957-06-26,M,8025.81,0,65,0,0,0,0,0,1,0
2,1966-09-14,F,2081.49,0,56,1,0,0,0,0,1,0
3,1952-01-12,M,1758.08,0,70,0,0,0,0,0,1,0
4,1940-01-19,M,1135.22,0,82,0,0,0,0,1,0,0
5,1989-11-07,M,6400.66,0,33,0,0,1,0,0,0,0
6,1975-11-24,F,7094.11,0,47,1,0,0,0,1,0,0
7,1992-06-12,M,412.7,0,30,0,0,1,0,0,0,0
8,2004-02-21,M,9368.5,0,18,0,0,0,0,1,0,0
9,1972-06-13,M,614.52,0,50,0,0,0,0,1,0,0
10,1979-04-07,F,5458.83,0,43,1,1,0,0,0,0,0
11,1997-12-31,M,7119.7,1,25,0,0,0,0,1,0,0
12,1971-04-07,M,8722.59,0,51,0,0,0,1,0,0,0
13,1972-08-04,M,7169.46,0,50,0,1,0,0,0,0,0
14,1947-11-14,M,8037.11,0,75,0,0,0,0,1,0,0
15,1977-04-12,F,3460.56,0,45,1,0,0,0,0,1,0
16,1983-08-21,M,8166.77,0,39,0,0,0,1,0,0,0
17,1989-04-15,F,893.14,0,33,1,0,0,1,0,0,0
18,1996-08-10,F,8958.68,0,26,1,0,0,1,0,0,0
19,1984-04-12,F,5521.16,0,38,1,1,0,0,0,0,0
20,1950-12-14,M,8191.25,0,72,0,0,0,0,1,0,0
21,1992-03-30,F,4577.95,1,30,1,0,0,0,1,0,1
22,1969-01-17,M,6471.42,0,53,0,0,0,0,0,1,0
23,1973-01-16,F,5311.39,0,49,1,0,0,0,0,1,0
24,1961-03-19,F,7342.74,0,61,1,0,0,1,0,0,0
25,1982-05-06,F,908.14,0,40,1,0,0,0,0,1,0
26,1985-05-25,F,697.49,0,37,1,1,0,0,0,0,0
27,1997-04-09,F,2546.32,1,25,1,0,0,0,1,0,1
28,1960-06-11,F,1679.49,0,62,1,0,0,1,0,0,0
29,1955-04-24,F,8730.66,0,67,1,0,0,0,0,1,0
30,1991-01-30,F,2270.22,0,31,1,1,0,0,0,0,0
31,1997-12-19,M,9761.07,0,25,0,1,0,0,0,0,0
32,1958-10-24,M,3435.27,1,64,0,0,0,0,0,1,1
33,1943-07-28,F,1902.97,0,79,1,0,0,0,1,0,0
34,1984-07-20,F,7918.02,0,38,1,0,0,0,0,1,0
35,1992-01-30,F,6621.21,0,30,1,0,0,1,0,0,0
36,1984-06-29,M,5032.14,0,38,0,0,0,0,0,1,0
37,1995-11-12,F,5598.1,0,27,1,1,0,0,0,0,0
38,1966-01-19,M,7220.1,0,56,0,0,0,0,0,1,0
39,1956-11-10,M,2361.7,0,66,0,0,0,0,1,0,0
40,1984-03-24,M,9963.71,0,38,0,0,1,0,0,0,0
41,1968-07-08,M,9750.45,0,54,0,0,0,0,0,1,0
42,1976-07-25,M,6538.22,0,46,0,0,0,0,1,0,0
43,1941-04-20,F,2075.47,0,81,1,0,0,0,1,0,0
44,1992-03-23,F,6834.26,0,30,1,1,0,0,0,0,0
45,1981-12-20,F,814.76,0,41,1,0,0,0,1,0,0
46,1948-04-16,F,403.46,0,74,1,0,0,0,1,0,0
47,1979-09-29,F,2651.06,0,43,1,0,0,0,1,0,0
48,1955-08-02,M,4679.97,0,67,0,0,0,0,1,0,0
49,1977-11-25,F,8695.9,0,45,1,0,0,1,0,0,0
50,1966-09-11,F,7298.97,0,56,1,0,0,1,0,0,0
51,1995-11-27,M,7452.79,1,27,0,1,0,0,0,0,1
52,1985-10-03,F,4312.38,0,37,1,0,0,0,0,1,0
53,1951-08-16,M,3524.76,0,71,0,0,0,0,1,0,0
54,1997-06-29,F,3773.28,0,25,1,0,0,0,0,1,0
55,1956-12-20,M,9877.73,0,66,0,0,0,0,0,1,0
56,1994-07-21,F,497.08,0,28,1,1,0,0,0,0,0
57,1971-10-06,F,8683.61,0,51,1,0,0,0,1,0,0
58,1949-02-13,M,5828.89,1,73,0,0,0,0,1,0,1
59,1973-10-11,M,4442.29,0,49,0,0,1,0,0,0,0
60,2000-06-29,M,7280.05,0,22,0,0,0,0,0,1,0
61,1989-02-28,M,4918.02,0,33,0,0,0,0,0,1,0
62,1977-04-20,M,8746.89,0,45,0,0,0,1,0,0,0
63,1967-03-11,M,9016.95,1,55,0,0,1,0,0,0,1
64,1986-10-26,M,4275.04,0,36,0,0,0,1,0,0,0
65,1940-09-24,M,2840.6,0,82,0,0,0,1,0,0,0
66,1971-09-11,F,5964.27,0,51,1,0,0,1,0,0,0
67,1994-11-01,F,9132.4,0,28,1,1,0,0,0,0,0
68,1958-05-24,M,2185.56,0,64,0,1,0,0,0,0,0
69,1998-02-23,F,6267.37,0,24,1,0,0,1,0,0,0
70,1973-12-07,F,6352.45,0,49,1,0,1,0,0,0,0
71,1955-04-09,F,7357.82,0,67,1,0,0,0,0,1,0
72,1965-09-23,F,1402.52,0,57,1,0,1,0,0,0,0
73,1970-12-15,M,7186.67,0,52,0,0,0,0,1,0,0
74,1974-02-20,F,9099.42,0,48,1,1,0,0,0,0,0
75,1974-10-17,M,1878.86,0,48,0,0,0,0,0,1,0
76,1975-12-12,F,2451.68,0,47,1,0,0,0,0,1,0
77,1959-01-27,F,9716.81,0,63,1,0,0,0,1,0,0
78,1976-03-18,F,1891.67,0,46,1,0,0,0,1,0,0
79,1968-02-28,M,8558.41,0,54,0,0,0,1,0,0,0
80,1947-10-26,F,4973.55,0,75,1,1,0,0,0,0,0
81,1940-08-06,M,2547.59,0,82,0,1,0,0,0,0,0
82,1972-06-06,F,8720.42,0,50,1,0,1,0,0,0,0
83,1962-06-16,M,4508.52,0,60,0,0,0,1,0,0,0
84,1968-03-02,F,5196.69,0,54,1,0,0,1,0,0,0
85,1979-03-08,M,3656.41,0,43,0,0,0,1,0,0,0
86,1974-06-08,M,5970.21,0,48,0,0,0,1,0,0,0
87,1968-03-08,F,1718.89,0,54,1,1,0,0,0,0,0
88,1972-09-08,M,3971.71,0,50,0,1,0,0,0,0,0
89,1957-03-15,F,9697.18,1,65,1,0,0,1,0,0,0
90,1968-10-03,F,2655.52,0,54,1,0,1,0,0,0,0
91,1977-08-06,F,6601.69,0,45,1,0,0,0,0,1,0
92,1957-08-15,F,3319.38,0,65,1,0,0,0,0,1,0
93,1975-05-21,F,7757.38,0,47,1,0,1,0,0,0,0
94,1983-12-14,F,1395.65,0,39,1,0,0,1,0,0,0
95,1998-05-16,F,9701.23,0,24,1,1,0,0,0,0,0
96,1978-12-29,F,4592.52,0,44,1,0,0,0,0,1,0
97,1940-06-13,F,2436.9,0,82,1,0,0,0,1,0,0
98,1975-04-01,F,827.62,0,47,1,0,0,0,1,0,0
99,1978-01-16,F,1780.6,0,44,1,0,1,0,0,0,0
100,1944-12-03,M,5245.76,0,78,0,0,0,1,0,0,0
101,1999-02-25,M,3436.33,0,23,0,0,0,0,0,1,0
102,1968-06-10,F,8305.95,0,54,1,0,0,1,0,0,0
103,1951-04-24,F,4365.79,0,71,1,0,0,0,0,1,0
104,1968-10-22,F,2562.27,0,54,1,0,1,0,0,0,0
105,1978-02-21,F,6209.74,0,44,1,0,1,0,0,0,0
106,1998-04-09,F,7097.09,0,24,1,0,0,0,1,0,0
107,1964-12-04,F,1753.71,0,58,1,0,0,1,0,0,0
108,1964-10-19,F,1759.43,0,58,1,0,0,0,1,0,0
109,1966-08-22,F,463.05,0,56,1,0,0,1,0,0,0
110,1974-04-20,M,7390.38,0,48,0,0,0,0,1,0,0
111,1962-04-05,F,6671.66,0,60,1,1,0,0,0,0,0
112,1960-10-22,M,4798.85,0,62,0,1,0,0,0,0,0
113,1982-07-29,F,8457.29,0,40,1,1,0,0,0,0,0
114,1993-01-05,F,8076.13,0,29,1,1,0,0,0,0,0
115,1991-11-18,M,5895.01,1,31,0,0,0,0,0,1,1
116,1966-11-09,F,8695.89,0,56,1,1,0,0,0,0,0
117,1994-04-30,M,2137.83,0,28,0,0,1,0,0,0,0
118,2003-05-24,F,1208.0,0,19,1,0,1,0,0,0,0
119,1945-03-15,F,2770.52,0,77,1,0,0,0,0,1,0
120,1942-10-08,M,665.16,0,80,0,1,0,0,0,0,0
121,1972-10-21,F,5358.58,0,50,1,1,0,0,0,0,0
122,1989-09-23,M,9372.4,1,33,0,1,0,0,0,0,1
123,2004-01-27,F,489.5,0,18,1,0,0,0,1,0,0
124,1958-02-06,M,1308.89,0,64,0,0,0,1,0,0,0
125,1958-03-12,M,4576.77,0,64,0,0,0,0,1,0,0
126,1951-03-23,F,9345.36,0,71,1,0,0,1,0,0,0
127,1981-07-14,F,3229.95,0,41,1,1,0,0,0,0,0
128,1943-10-06,M,5121.62,0,79,0,1,0,0,0,0,0
129,1964-05-20,F,511.57,0,58,1,0,0,0,1,0,0
130,1990-01-25,F,1568.6,0,32,1,0,0,0,1,0,0
131,1947-07-04,F,9867.64,0,75,1,0,0,1,0,0,0
132,1948-01-03,M,9654.68,1,74,0,0,1,0,0,0,1
133,1970-11-16,M,148.91,0,52,0,0,0,1,0,0,0
134,1966-08-07,M,9522.94,1,56,0,0,0,0,1,0,1
135,1966-08-17,M,6427.29,0,56,0,0,0,0,1,0,0
136,1983-05-14,M,8692.39,0,39,0,0,0,0,0,1,0
137,2003-03-20,M,4601.92,0,19,0,0,0,0,1,0,0
138,1959-04-08,M,5204.4,0,63,0,0,0,0,0,1,0
139,1960-09-21,M,4939.58,1,62,0,0,1,0,0,0,1
140,1945-07-13,M,6701.96,0,77,0,0,0,1,0,0,0
141,1978-07-23,F,1482.55,1,44,1,0,0,1,0,0,1
142,1959-04-24,M,396.74,0,63,0,0,0,0,0,1,0
143,1953-07-17,F,3148.51,0,69,1,0,0,1,0,0,0
144,1945-06-04,F,7076.34,0,77,1,0,0,0,1,0,0
145,1962-02-27,F,2098.35,0,60,1,1,0,0,0,0,0
146,1971-01-01,M,6766.98,0,51,0,0,0,0,0,1,0
147,1950-10-09,M,9702.13,0,72,0,0,0,1,0,0,0
148,1993-02-13,M,1029.62,0,29,0,0,0,0,0,1,0
149,2003-06-23,M,6758.76,0,19,0,0,0,0,0,1,0
150,1958-11-13,F,4493.13,0,64,1,1,0,0,0,0,0
151,1966-07-23,M,8694.61,0,56,0,0,0,0,1,0,0
152,1991-06-17,M,1853.78,0,31,0,0,0,0,0,1,0
153,1969-05-05,M,6957.0,0,53,0,0,0,1,0,0,0
154,1999-06-08,M,8397.34,0,23,0,0,1,0,0,0,0
155,1996-05-29,M,9451.68,0,26,0,0,0,0,0,1,0
156,1996-11-06,F,6864.16,0,26,1,0,0,0,0,1,0
157,1976-02-13,M,5022.03,0,46,0,1,0,0,0,0,0
158,1973-09-17,F,6216.69,1,49,1,0,0,0,1,0,1
159,1970-09-25,M,8702.16,0,52,0,0,1,0,0,0,0
160,1985-11-19,F,5749.04,0,37,1,0,0,1,0,0,0
161,1966-08-30,M,400.83,0,56,0,0,1,0,0,0,0
162,1985-11-13,M,9316.39,0,37,0,0,0,1,0,0,0
163,1984-12-12,F,6926.31,0,38,1,0,0,0,1,0,0
164,1946-10-28,F,6797.48,0,76,1,0,0,1,0,0,0
165,1976-12-08,F,2235.18,0,46,1,1,0,0,0,0,0
166,1959-04-09,M,6622.97,0,63,0,1,0,0,0,0,0
167,1963-03-24,F,3999.26,1,59,1,1,0,0,0,0,1
168,1970-06-11,M,6547.21,0,52,0,1,0,0,0,0,0
169,1998-11-24,M,1155.27,0,24,0,0,1,0,0,0,0
170,1980-05-03,F,6612.67,0,42,1,0,0,0,1,0,0
171,1992-10-26,F,9994.2,0,30,1,0,0,1,0,0,0
172,1981-04-06,M,577.3,0,41,0,0,0,1,0,0,0
173,1993-10-16,M,9774.02,0,29,0,1,0,0,0,0,0
174,1999-01-05,F,4128.39,0,23,1,1,0,0,0,0,0
175,1966-07-10,F,8720.46,0,56,1,0,0,0,0,1,0
176,1942-08-30,F,7845.62,0,80,1,0,0,0,1,0,0
177,1969-11-04,M,5713.46,0,53,0,0,1,0,0,0,0
178,2004-07-07,M,7410.65,1,18,0,0,0,1,0,0,1
179,1990-06-30,M,8797.3,1,32,0,0,0,0,0,1,1
180,1944-08-01,M,4100.99,0,78,0,0,0,0,0,1,0
181,1962-11-02,M,3337.63,0,60,0,0,0,1,0,0,0
182,1945-01-25,M,6709.17,0,77,0,0,1,0,0,0,0
183,1999-11-05,F,8097.67,0,23,1,0,0,0,0,1,0
184,1957-08-22,M,7646.62,0,65,0,0,0,0,0,1,0
185,1966-02-21,M,7998.36,0,56,0,0,0,0,1,0,0
186,1947-09-15,M,4412.27,0,75,0,0,1,0,0,0,0
187,1987-03-14,F,8196.56,0,35,1,0,0,0,0,1,0
188,1952-09-02,M,1290.07,0,70,0,0,1,0,0,0,0
189,1975-12-09,M,5490.44,1,47,0,0,0,1,0,0,1
190,1951-11-10,F,157.01,0,71,1,1,0,0,0,0,0
191,1974-01-17,M,3313.4,0,48,0,0,0,0,0,1,0
192,1949-01-05,M,3727.97,1,73,0,0,0,0,1,0,1
193,1959-06-24,M,4022.11,0,63,0,0,0,1,0,0,0
194,1973-01-26,M,6985.13,0,49,0,0,1,0,0,0,0
195,1983-05-11,M,3946.73,0,39,0,0,0,1,0,0,0
196,1955-08-18,F,4542.07,0,67,1,0,0,0,0,1,0
197,1987-11-08,F,2451.69,0,35,1,0,1,0,0,0,0
198,1958-10-06,F,3795.19,0,64,1,1,0,0,0,0,0
199,1951-08-06,M,2349.97,0,71,0,0,0,1,0,0,0
200,1961-06-25,M,824.64,0,61,0,0,0,0,0,1,0
201,1945-07-04,M,6074.14,0,77,0,0,0,0,1,0,0
202,1976-12-30,F,6715.31,0,46,1,0,1,0,0,0,0
203,1959-09-14,M,6232.95,0,63,0,0,0,1,0,0,0
204,1969-03-15,M,4688.59,0,53,0,0,0,1,0,0,0
205,1960-10-10,F,3859.88,1,62,1,1,0,0,0,0,1
206,1980-12-08,M,8647.0,0,42,0,1,0,0,0,0,0
207,1946-09-26,F,5238.91,0,76,1,0,0,0,1,0,0
208,1982-12-16,F,4843.9,0,40,1,0,0,0,1,0,0
209,1944-02-10,F,353.86,0,78,1,0,0,0,0,1,0
210,1948-01-16,M,3478.35,1,74,0,0,0,0,0,1,0
211,2001-03-27,M,3863.94,0,21,0,0,0,0,1,0,0
212,1982-02-15,M,4048.35,0,40,0,0,0,0,1,0,0
213,1998-11-18,M,5843.71,0,24,0,0,1,0,0,0,0
214,1952-09-10,M,5382.67,0,70,0,1,0,0,0,0,0
215,1990-02-04,M,6118.26,0,32,0,0,0,0,0,1,0
216,1952-08-03,M,7672.34,0,70,0,1,0,0,0,0,0
217,1962-12-10,F,8148.56,0,60,1,1,0,0,0,0,0
218,1987-10-30,M,7209.42,0,35,0,0,0,0,1,0,0
219,1986-03-30,F,9559.68,0,36,1,0,1,0,0,0,0
220,1942-09-05,M,280.5,0,80,0,0,0,1,0,0,0
221,1966-05-07,M,2038.2,0,56,0,0,1,0,0,0,0
222,1989-01-14,M,174.87,1,33,0,0,1,0,0,0,0
223,1972-04-15,F,6510.0,0,50,1,1,0,0,0,0,0
224,1962-11-17,F,8990.5,0,60,1,0,1,0,0,0,0
225,1998-07-02,F,2510.47,0,24,1,0,0,0,0,1,0
226,1975-09-27,F,9277.64,0,47,1,1,0,0,0,0,0
227,1985-04-16,M,696.65,0,37,0,0,0,0,0,1,0
228,1962-04-08,F,9350.92,0,60,1,0,0,1,0,0,0
229,1964-01-18,M,3581.06,0,58,0,1,0,0,0,0,0
230,1950-07-28,M,1104.07,0,72,0,0,0,1,0,0,0
231,1950-11-06,F,4910.13,0,72,1,1,0,0,0,0,0
232,1940-07-21,F,2642.09,0,82,1,0,0,0,1,0,0
233,1992-11-17,F,2920.24,0,30,1,0,1,0,0,0,0
234,1963-12-21,F,3142.17,1,59,1,0,0,0,1,0,1
235,1979-07-30,F,8049.96,0,43,1,0,0,1,0,0,0
236,1977-06-17,F,5437.7,1,45,1,0,1,0,0,0,0
237,1994-11-10,F,3181.95,0,28,1,1,0,0,0,0,0
238,1997-01-16,F,6142.3,0,25,1,0,1,0,0,0,0
239,1993-07-26,M,7189.89,0,29,0,0,0,0,0,1,0
240,2004-07-24,F,2798.98,0,18,1,0,1,0,0,0,0
241,1970-05-16,F,4194.14,0,52,1,0,0,0,0,1,0
242,1976-03-04,M,1306.67,0,46,0,0,1,0,0,0,0
243,1956-02-15,F,1893.38,0,66,1,0,0,0,0,1,0
244,1948-07-22,M,6843.07,0,74,0,0,0,1,0,0,0
245,1944-12-31,M,1896.24,0,78,0,0,0,0,1,0,0
246,1997-02-05,F,5299.12,0,25,1,1,0,0,0,0,0
247,1980-10-04,M,7119.56,0,42,0,0,1,0,0,0,0
248,1979-11-12,M,1158.08,0,43,0,0,0,0,1,0,0
249,1999-08-26,M,5716.39,0,23,0,1,0,0,0,0,0
250,1976-09-16,M,2639.97,0,46,0,1,0,0,0,0,0
251,1949-12-26,F,9632.98,0,73,1,0,0,0,0,1,0
252,1980-02-21,M,4887.1,0,42,0,0,0,1,0,0,0
253,1963-01-02,F,8079.33,0,59,1,0,0,1,0,0,0
254,1950-07-08,M,5547.24,0,72,0,0,0,0,1,0,0
255,1994-05-18,M,529.78,0,28,0,0,0,1,0,0,0
256,2001-06-16,M,6368.2,0,21,0,0,1,0,0,0,0
257,1978-08-29,M,9518.89,0,44,0,0,0,1,0,0,0
258,1961-05-07,F,6055.96,0,61,1,0,0,0,1,0,0
259,1958-11-08,F,8209.97,0,64,1,0,0,1,0,0,0
260,1949-10-06,M,8853.64,1,73,0,0,1,0,0,0,0
261,1967-08-31,M,2357.99,0,55,0,0,0,0,0,1,0
262,1961-01-09,F,2199.24,1,61,1,0,0,0,1,0,0
263,1953-01-16,M,6148.71,0,69,0,0,0,0,0,1,0
264,1972-09-14,M,4169.18,0,50,0,0,0,0,0,1,0
265,1959-01-27,M,8414.63,0,63,0,0,0,0,0,1,0
266,1962-06-15,F,9010.23,0,60,1,1,0,0,0,0,0
267,1950-08-24,F,3598.87,0,72,1,1,0,0,0,0,0
268,1954-05-01,F,2445.02,0,68,1,0,0,0,0,1,0
269,2001-07-27,M,7827.2,0,21,0,0,0,0,1,0,0
270,1978-01-10,M,2820.58,0,44,0,0,1,0,0,0,0
271,1998-07-30,F,8243.88,0,24,1,0,1,0,0,0,0
272,1969-12-30,F,4295.01,0,53,1,0,0,1,0,0,0
273,1960-01-25,F,6708.74,0,62,1,0,0,0,1,0,0
274,2004-11-01,F,1045.8,0,18,1,1,0,0,0,0,0
275,1968-03-17,M,6276.21,0,54,0,0,0,0,0,1,0
276,1974-05-27,F,4572.5,1,48,1,0,0,1,0,0,0
277,1941-10-22,M,5907.42,0,81,0,0,1,0,0,0,0
278,1940-07-25,F,1763.34,1,82,1,1,0,0,0,0,0
279,1958-03-04,M,7395.05,0,64,0,1,0,0,0,0,0
280,1961-01-31,F,8641.69,0,61,1,0,0,0,0,1,0
281,1971-04-28,F,2245.72,0,51,1,0,1,0,0,0,0
282,1987-04-21,F,1047.57,0,35,1,0,0,0,1,0,0
283,1978-08-04,F,334.02,1,44,1,1,0,0,0,0,1
284,1971-02-08,M,6455.52,0,51,0,0,0,0,0,1,0
285,1960-01-15,F,6110.23,0,62,1,0,0,0,1,0,0
286,1989-01-30,M,5512.3,0,33,0,0,1,0,0,0,0
287,1967-05-22,M,2396.28,0,55,0,1,0,0,0,0,0
288,1950-08-24,M,3969.97,0,72,0,0,0,0,1,0,0
289,1960-02-09,M,5985.32,0,62,0,0,0,0,1,0,0
290,2002-12-02,F,5017.99,0,20,1,0,0,0,1,0,0
291,1987-08-16,M,9879.08,0,35,0,1,0,0,0,0,0
292,1974-07-25,M,1450.75,0,48,0,1,0,0,0,0,0
293,1997-04-29,M,6981.93,0,25,0,0,0,1,0,0,0
294,2001-07-26,F,4102.76,0,21,1,0,1,0,0,0,0
295,1978-09-13,F,4339.18,0,44,1,0,0,0,0,1,0
296,1958-05-06,F,7204.22,0,64,1,0,0,0,1,0,0
297,1954-10-05,F,6955.12,0,68,1,0,0,1,0,0,0
298,2000-05-06,M,9913.43,0,22,0,0,0,0,0,1,0
299,1973-02-15,M,1371.1,0,49,0,0,0,1,0,0,0
300,1982-12-29,F,1130.69,0,40,1,1,0,0,0,0,0
301,1982-10-03,M,7270.95,0,40,0,0,0,0,1,0,0
302,1953-03-31,M,5826.03,0,69,0,0,0,0,0,1,0
303,1985-10-28,M,2814.19,0,37,0,0,0,0,0,1,0
304,1998-01-01,F,886.25,0,24,1,0,0,0,0,1,0
305,1970-04-27,F,948.02,0,52,1,0,0,0,0,1,0
306,1970-07-21,M,8952.49,0,52,0,0,0,0,0,1,0
307,1994-05-01,F,1999.49,0,28,1,0,0,1,0,0,0
308,1976-03-22,F,3301.38,0,46,1,0,0,0,1,0,0
309,1957-03-27,F,2343.9,0,65,1,1,0,0,0,0,0
310,1975-01-05,F,3614.46,0,47,1,1,0,0,0,0,0
311,1958-10-26,F,787.3,0,64,1,1,0,0,0,0,0
312,1957-10-03,M,5238.69,0,65,0,1,0,0,0,0,0
313,1972-05-20,F,769.36,0,50,1,0,0,1,0,0,0
314,1954-05-08,M,8023.53,0,68,0,0,1,0,0,0,0
315,1947-05-09,M,2413.75,0,75,0,0,0,0,1,0,0
316,1993-05-03,F,5446.12,0,29,1,0,0,0,0,1,0
317,2000-06-30,M,8812.78,0,22,0,0,1,0,0,0,0
318,2001-02-06,M,6543.69,0,21,0,1,0,0,0,0,0
319,1940-10-11,M,5376.28,0,82,0,0,1,0,0,0,0
320,1970-12-18,F,3310.9,0,52,1,0,0,0,1,0,0
321,1942-02-04,F,3396.72,0,80,1,0,0,0,0,1,0
322,1985-06-24,M,6727.92,0,37,0,0,0,0,0,1,0
323,1958-05-19,F,9941.98,0,64,1,0,0,0,1,0,0
324,1982-06-22,F,6652.21,0,40,1,0,0,0,1,0,0
325,1964-09-11,F,5622.06,0,58,1,1,0,0,0,0,0
326,1993-04-14,F,7333.44,0,29,1,0,0,0,0,1,0
327,1987-08-07,M,4705.54,0,35,0,0,1,0,0,0,0
328,1995-04-28,M,695.41,0,27,0,0,0,1,0,0,0
329,1984-12-07,F,5666.74,0,38,1,0,0,1,0,0,0
330,1962-11-16,F,9580.49,1,60,1,0,0,0,1,0,1
331,1998-03-23,M,1835.5,0,24,0,1,0,0,0,0,0
332,1941-05-22,M,6931.05,1,81,0,0,0,1,0,0,1
333,1975-11-26,F,2089.24,0,47,1,0,0,0,0,1,0
334,1982-06-02,M,5404.69,0,40,0,0,0,0,1,0,0
335,1973-05-09,F,1057.1,0,49,1,0,1,0,0,0,0
336,1944-06-23,F,4558.67,0,78,1,0,0,0,1,0,0
337,1950-02-01,M,7586.02,0,72,0,0,1,0,0,0,0
338,1964-12-11,M,3540.96,0,58,0,0,0,0,1,0,0
339,1997-12-23,F,6682.63,0,25,1,0,0,0,1,0,0
340,1994-05-21,F,7974.95,0,28,1,0,0,0,1,0,0
341,1980-01-10,M,9279.06,0,42,0,0,1,0,0,0,0
342,1975-09-04,F,2422.96,0,47,1,0,1,0,0,0,0
343,1955-05-04,M,4053.23,1,67,0,0,0,0,1,0,1
344,1945-10-03,F,1608.92,0,77,1,0,0,1,0,0,0
345,1998-05-04,M,9925.59,1,24,0,1,0,0,0,0,1
346,1955-12-27,M,9277.31,0,67,0,1,0,0,0,0,0
347,1961-09-10,M,5445.58,0,61,0,1,0,0,0,0,0
348,1999-07-25,F,8436.13,0,23,1,0,1,0,0,0,0
349,1943-02-28,F,5257.48,0,79,1,0,1,0,0,0,0
350,1975-02-05,M,6273.5,0,47,0,0,0,1,0,0,0
351,2002-01-15,F,982.33,0,20,1,1,0,0,0,0,0
352,1951-02-18,M,7577.18,0,71,0,1,0,0,0,0,0
353,1991-01-29,M,1364.36,1,31,0,0,0,0,1,0,1
354,1953-08-08,F,8278.07,0,69,1,0,1,0,0,0,0
355,1996-06-30,F,7842.08,0,26,1,1,0,0,0,0,0
356,1957-12-25,M,7116.57,0,65,0,0,0,1,0,0,0
357,1940-09-03,F,457.99,0,82,1,0,0,1,0,0,0
358,1990-05-22,F,3100.97,0,32,1,1,0,0,0,0,0
359,1967-02-20,M,2704.81,0,55,0,0,1,0,0,0,0
360,1964-12-11,M,3665.35,0,58,0,0,0,1,0,0,0
361,1944-12-06,F,967.66,0,78,1,0,0,0,1,0,0
362,1974-05-31,M,9375.88,0,48,0,0,0,1,0,0,0
363,1970-05-22,M,5582.64,0,52,0,0,0,0,0,1,0
364,1990-07-04,F,3124.69,0,32,1,0,0,0,0,1,0
365,1954-12-20,M,4030.12,0,68,0,0,1,0,0,0,0
366,1986-09-10,M,4527.31,0,36,0,1,0,0,0,0,0
367,1940-07-26,F,6045.88,0,82,1,0,1,0,0,0,0
368,1996-06-23,F,5205.23,0,26,1,0,1,0,0,0,0
369,2002-03-19,M,9201.98,0,20,0,0,1,0,0,0,0
370,1967-01-10,M,5019.94,0,55,0,0,1,0,0,0,0
371,1951-06-07,F,9922.36,0,71,1,0,0,0,1,0,0
372,1998-02-04,F,8529.11,0,24,1,0,0,0,1,0,0
373,1971-04-07,F,2164.25,0,51,1,0,0,1,0,0,0
374,1965-10-14,F,9312.89,0,57,1,0,0,0,0,1,0
375,1945-08-08,M,1252.03,0,77,0,0,1,0,0,0,0
376,1996-01-15,F,8192.75,0,26,1,0,0,1,0,0,0
377,1999-03-02,F,3868.17,0,23,1,0,0,0,0,1,0
378,1973-10-09,M,8791.95,0,49,0,1,0,0,0,0,0
379,1961-11-13,F,8693.76,0,61,1,0,0,0,1,0,0
380,1998-05-05,M,8078.66,0,24,0,0,0,0,0,1,0
381,1986-04-04,F,7921.3,0,36,1,1,0,0,0,0,0
382,1949-03-31,F,3116.32,0,73,1,0,0,0,0,1,0
383,1960-01-20,F,901.1,0,62,1,0,0,0,1,0,0
384,1957-06-13,M,4089.5,0,65,0,0,0,0,1,0,0
385,1973-06-04,M,1817.89,0,49,0,0,0,1,0,0,0
386,1949-10-30,F,6980.02,0,73,1,0,1,0,0,0,0
387,1994-03-25,M,3526.39,0,28,0,0,0,0,0,1,0
388,1978-04-10,M,9758.54,0,44,0,0,0,0,0,1,0
389,1952-12-01,M,6445.62,0,70,0,1,0,0,0,0,0
390,1960-10-03,M,8242.56,0,62,0,0,0,0,1,0,0
391,1982-10-02,M,1411.99,0,40,0,0,0,0,0,1,0
392,2002-09-20,M,8633.94,0,20,0,0,0,0,1,0,0
393,1977-09-12,F,9235.3,0,45,1,0,0,0,0,1,0
394,1983-01-21,F,4921.91,0,39,1,0,0,1,0,0,0
395,1993-06-29,M,6101.9,0,29,0,0,1,0,0,0,0
396,1999-01-27,F,7671.62,0,23,1,0,0,0,0,1,0
397,1971-09-16,F,1830.9,0,51,1,0,0,0,1,0,0
398,1945-02-18,F,5075.4,0,77,1,0,0,1,0,0,0
399,1950-08-13,F,4046.76,0,72,1,0,0,0,0,1,0
400,1973-01-03,M,1549.1,0,49,0,1,0,0,0,0,0
401,1948-09-07,F,3738.59,1,74,1,0,1,0,0,0,1
402,1951-07-24,F,774.91,0,71,1,0,0,0,0,1,0
403,1962-07-01,M,355.54,0,60,0,0,0,1,0,0,0
404,1957-03-10,M,1438.15,0,65,0,1,0,0,0,0,0
405,1981-05-18,F,9634.84,0,41,1,0,0,1,0,0,0
406,1969-10-10,F,5540.34,0,53,1,0,0,1,0,0,0
407,1995-03-09,F,9661.64,0,27,1,1,0,0,0,0,0
408,1994-11-03,F,4381.73,1,28,1,0,0,1,0,0,1
409,1969-11-02,F,3186.98,0,53,1,1,0,0,0,0,0
410,1996-01-13,F,5110.8,0,26,1,0,0,0,0,1,0
411,1998-12-14,M,4451.17,0,24,0,1,0,0,0,0,0
412,1958-03-21,F,1146.08,0,64,1,1,0,0,0,0,0
413,1979-07-07,F,6444.18,0,43,1,0,1,0,0,0,0
414,1963-06-02,M,2238.78,0,59,0,1,0,0,0,0,0
415,1980-06-25,M,6233.92,0,42,0,1,0,0,0,0,0
416,2001-12-23,M,6536.99,0,21,0,0,0,0,0,1,0
417,1942-11-29,M,1605.05,0,80,0,0,1,0,0,0,0
418,1963-09-27,F,707.36,0,59,1,0,0,0,1,0,0
419,1954-08-31,F,7829.54,0,68,1,0,0,0,0,1,0
420,2003-08-08,F,4652.02,0,19,1,0,0,0,0,1,0
421,1986-10-16,F,675.82,0,36,1,0,0,0,1,0,0
422,1975-02-27,F,9949.18,0,47,1,1,0,0,0,0,0
423,2001-11-21,F,672.03,0,21,1,0,0,1,0,0,0
424,1981-11-24,M,6980.85,1,41,0,0,1,0,0,0,1
425,1961-11-23,F,9838.42,0,61,1,0,0,1,0,0,0
426,1977-10-06,M,2467.88,0,45,0,0,0,0,1,0,0
427,1999-12-25,M,1508.27,0,23,0,0,0,0,0,1,0
428,2003-01-24,F,1301.71,0,19,1,0,0,0,0,1,0
429,1980-05-11,M,3102.42,0,42,0,0,1,0,0,0,0
430,2004-09-20,F,1100.35,0,18,1,0,0,0,0,1,0
431,2001-10-20,M,6952.4,0,21,0,0,0,0,0,1,0
432,1995-03-18,F,716.69,0,27,1,0,1,0,0,0,0
433,1968-09-20,M,5143.28,0,54,0,0,1,0,0,0,0
434,1988-09-19,F,9967.3,0,34,1,0,0,0,1,0,0
435,1966-06-30,F,8158.31,0,56,1,0,0,0,0,1,0
436,1988-08-16,F,6190.67,0,34,1,0,0,0,0,1,0
437,1991-01-12,F,3131.91,0,31,1,0,0,0,1,0,1
438,1990-01-11,F,6276.57,0,32,1,1,0,0,0,0,0
439,1951-10-16,M,5317.71,0,71,0,1,0,0,0,0,0
440,1970-05-02,M,4318.23,1,52,0,1,0,0,0,0,0
441,1980-10-29,M,1394.03,1,42,0,0,0,0,1,0,1
442,1943-08-05,F,8877.38,0,79,1,0,0,0,0,1,0
443,1964-08-19,M,4552.87,1,58,0,0,0,0,1,0,1
444,1989-04-09,F,2026.76,0,33,1,0,0,0,1,0,0
445,1960-02-20,F,3740.82,1,62,1,1,0,0,0,0,1
446,1969-06-06,M,4199.88,0,53,0,0,0,1,0,0,0
447,1968-06-07,M,8292.63,0,54,0,0,0,0,0,1,0
448,1998-07-05,F,7362.78,0,24,1,1,0,0,0,0,0
449,1985-07-22,M,7716.12,0,37,0,0,0,1,0,0,0
450,1993-08-25,F,209.21,0,29,1,0,0,1,0,0,0
451,1982-10-27,F,4219.92,0,40,1,0,1,0,0,0,0
452,1975-06-06,F,4865.31,0,47,1,0,0,0,0,1,0
453,1970-03-22,F,290.0,0,52,1,0,0,1,0,0,0
454,1955-03-18,F,2672.15,0,67,1,1,0,0,0,0,0
455,1944-04-17,M,7626.87,0,78,0,0,1,0,0,0,0
456,1975-05-19,M,1457.39,0,47,0,0,0,0,0,1,0
457,1948-09-27,F,5399.57,0,74,1,0,0,0,1,0,0
458,1940-03-26,F,2230.5,0,82,1,1,0,0,0,0,0
459,1954-11-06,M,220.0,0,68,0,0,0,1,0,0,0
460,1958-10-08,M,2487.89,0,64,0,0,0,1,0,0,0
461,1940-01-12,F,9761.15,1,82,1,1,0,0,0,0,1
462,1983-06-21,M,8035.22,0,39,0,0,0,1,0,0,0
463,1955-04-19,F,9599.81,0,67,1,0,1,0,0,0,0
464,1952-02-29,M,4929.76,0,70,0,0,0,0,0,1,0
465,1945-06-07,F,1186.39,0,77,1,0,1,0,0,0,0
466,1959-06-16,M,5524.8,0,63,0,0,0,1,0,0,0
467,1993-07-11,F,4598.34,0,29,1,0,0,0,1,0,0
468,1960-05-30,M,8459.14,0,62,0,0,0,0,0,1,0
469,1969-11-09,M,1071.02,0,53,0,0,0,0,0,1,0
470,1960-06-26,F,4933.59,0,62,1,1,0,0,0,0,0
471,1998-12-24,M,1585.48,0,24,0,1,0,0,0,0,0
472,1986-01-21,F,3314.29,1,36,1,0,0,0,1,0,1
473,1970-06-27,M,7399.84,0,52,0,0,0,0,0,1,0
474,1994-10-16,F,4812.58,0,28,1,0,0,0,1,0,0
475,1948-08-13,M,3821.29,0,74,0,1,0,0,0,0,0
476,1989-11-09,F,4005.32,0,33,1,1,0,0,0,0,0
477,1967-01-11,M,4648.52,0,55,0,0,0,0,0,1,0
478,1991-12-01,F,7871.66,0,31,1,0,1,0,0,0,0
479,1986-02-27,M,8931.64,0,36,0,0,0,1,0,0,0
480,1966-04-04,F,9557.81,0,56,1,1,0,0,0,0,0
481,2004-06-23,F,7890.34,0,18,1,1,0,0,0,0,0
482,2002-09-18,F,3222.53,0,20,1,0,1,0,0,0,0
483,1942-12-10,M,6912.53,0,80,0,0,1,0,0,0,0
484,1984-10-18,F,4432.27,0,38,1,0,0,0,1,0,0
485,1955-03-31,M,2621.24,0,67,0,0,0,0,1,0,0
486,1971-08-04,F,8424.63,0,51,1,0,0,1,0,0,0
487,1965-01-29,M,480.42,0,57,0,0,0,1,0,0,0
488,1943-04-15,F,9027.44,0,79,1,0,0,0,0,1,0
489,1982-08-05,M,4668.63,1,40,0,0,0,0,1,0,1
490,1986-09-18,M,6408.29,0,36,0,1,0,0,0,0,0
491,1951-02-18,F,6627.6,0,71,1,0,0,0,1,0,0
492,1982-11-11,M,8961.67,0,40,0,1,0,0,0,0,0
493,1975-01-21,M,6403.03,1,47,0,0,1,0,0,0,1
494,1942-07-28,F,6177.94,0,80,1,0,0,0,1,0,0
495,1947-11-21,M,759.86,1,75,0,0,1,0,0,0,0
496,1945-09-03,M,5232.24,1,77,0,0,0,1,0,0,1
497,1943-06-24,M,1586.67,0,79,0,0,0,1,0,0,0
498,1954-10-18,F,7400.59,1,68,1,0,0,0,0,1,1
499,1960-06-07,M,5171.0,0,62,0,0,0,0,1,0,0
500,1965-07-09,F,6834.26,0,57,1,0,1,0,0,0,0
501,1990-08-07,M,512.56,0,32,0,1,0,0,0,0,0
502,1948-09-06,M,939.44,0,74,0,0,0,1,0,0,0
503,1969-01-27,M,7191.6,0,53,0,0,0,1,0,0,0
504,1975-11-08,F,813.63,0,47,1,1,0,0,0,0,0
505,1988-05-02,M,805.44,1,34,0,0,1,0,0,0,1
506,1943-12-24,M,219.87,0,79,0,0,1,0,0,0,0
507,1948-10-28,F,9569.36,0,74,1,0,0,0,1,0,0
508,1964-04-11,M,7401.33,1,58,0,0,0,0,1,0,1
509,1957-02-22,F,3597.19,1,65,1,0,0,0,0,1,1
510,1999-06-24,F,3035.7,1,23,1,0,0,1,0,0,1
511,2000-06-12,M,3562.06,0,22,0,0,0,0,1,0,0
512,2003-03-16,F,7769.07,1,19,1,0,1,0,0,0,1
513,1941-06-08,M,6647.57,0,81,0,1,0,0,0,0,0
514,1994-05-16,F,1933.44,0,28,1,0,1,0,0,0,0
515,1949-04-03,F,1823.68,0,73,1,0,0,1,0,0,0
516,1941-01-05,M,1074.12,0,81,0,0,1,0,0,0,0
517,1957-10-29,F,6637.0,0,65,1,0,0,0,0,1,0
518,1950-11-29,F,7667.29,0,72,1,0,0,1,0,0,0
519,1996-10-17,F,2723.96,0,26,1,1,0,0,0,0,0
520,1967-01-02,F,307.36,0,55,1,0,0,0,0,1,0
521,1997-05-25,F,913.5,0,25,1,0,0,1,0,0,0
522,1999-05-20,M,9681.81,0,23,0,1,0,0,0,0,0
523,1988-02-06,F,3024.9,0,34,1,0,0,0,0,1,0
524,1940-07-24,M,7715.31,0,82,0,0,0,0,0,1,0
525,1950-10-02,F,6284.17,0,72,1,0,0,1,0,0,0
526,1984-04-13,M,3881.2,0,38,0,0,0,0,1,0,0
527,1966-12-12,M,2136.3,1,56,0,0,0,0,0,1,0
528,1997-03-12,F,1301.73,0,25,1,0,0,0,0,1,0
529,1976-11-09,F,6188.63,0,46,1,1,0,0,0,0,0
530,1956-08-22,F,7768.87,0,66,1,0,1,0,0,0,0
531,1974-03-24,M,6474.65,0,48,0,0,0,1,0,0,0
532,1970-02-24,F,5349.99,0,52,1,0,0,1,0,0,0
533,1945-02-03,M,515.32,0,77,0,0,0,0,1,0,0
534,1963-12-01,M,9688.04,0,59,0,0,0,0,1,0,0
535,2004-05-17,M,8007.27,0,18,0,0,0,1,0,0,0
536,1946-05-25,F,2998.94,0,76,1,0,0,0,1,0,0
537,1990-07-24,F,9801.71,0,32,1,1,0,0,0,0,0
538,1959-02-10,M,6058.63,0,63,0,0,0,1,0,0,0
539,1948-02-04,M,5865.98,0,74,0,0,0,0,1,0,0
540,1958-09-29,F,7505.92,0,64,1,0,0,1,0,0,0
541,1965-02-20,M,8136.52,0,57,0,0,1,0,0,0,0
542,1985-03-17,F,6599.14,1,37,1,0,0,0,0,1,1
543,1973-11-29,M,1368.15,1,49,0,0,0,1,0,0,0
544,1964-10-05,F,3448.85,0,58,1,0,0,0,0,1,0
545,1979-09-06,M,9288.03,0,43,0,0,0,0,1,0,0
546,1975-06-24,F,2323.69,0,47,1,0,0,0,0,1,0
547,1992-02-29,M,3784.45,0,30,0,0,0,1,0,0,0
548,1946-05-18,F,4377.56,0,76,1,0,1,0,0,0,0
549,2001-03-04,F,4450.11,1,21,1,0,0,0,1,0,0
550,1947-04-13,M,6168.1,1,75,0,0,0,1,0,0,0
551,1940-12-02,M,9436.45,0,82,0,0,0,0,1,0,0
552,1980-09-07,F,2482.86,0,42,1,1,0,0,0,0,0
553,1984-09-18,M,1302.86,0,38,0,0,0,0,0,1,0
554,1984-05-21,F,2054.96,0,38,1,1,0,0,0,0,0
555,1950-12-16,M,8880.56,0,72,0,0,0,1,0,0,0
556,1987-12-31,F,6493.53,0,35,1,0,1,0,0,0,0
557,1985-05-02,F,2930.48,0,37,1,0,0,0,1,0,0
558,1963-11-01,F,8177.87,0,59,1,0,0,0,0,1,0
559,1947-06-12,F,8627.56,0,75,1,0,0,0,1,0,0
560,1992-08-31,F,8480.49,1,30,1,0,0,1,0,0,0
561,1998-04-16,F,9197.37,0,24,1,0,0,0,1,0,0
562,1993-09-04,M,2597.19,0,29,0,0,0,0,0,1,0
563,2001-04-30,M,7574.92,0,21,0,0,0,1,0,0,0
564,1968-08-31,M,4659.34,0,54,0,0,0,0,1,0,0
565,1978-02-07,F,8435.79,0,44,1,0,1,0,0,0,0
566,1982-08-31,F,7312.06,0,40,1,0,0,1,0,0,0
567,1965-01-07,F,7786.83,0,57,1,0,0,1,0,0,0
568,1956-10-23,F,6596.0,0,66,1,0,1,0,0,0,0
569,1960-01-29,M,1856.54,1,62,0,1,0,0,0,0,1
570,1971-11-04,M,5495.77,0,51,0,0,0,0,0,1,0
571,1988-03-02,F,9848.23,0,34,1,1,0,0,0,0,0
572,1967-03-08,M,9380.14,0,55,0,0,0,0,1,0,0
573,1947-11-25,M,527.42,0,75,0,0,1,0,0,0,0
574,1997-12-10,F,1731.67,0,25,1,1,0,0,0,0,0
575,1945-01-30,M,1404.11,0,77,0,0,0,1,0,0,0
576,1977-04-05,F,7287.2,0,45,1,0,0,0,1,0,0
577,1948-08-01,M,8196.07,0,74,0,0,0,0,1,0,0
578,1998-07-10,F,2213.76,1,24,1,1,0,0,0,0,1
579,1959-07-17,F,5107.94,0,63,1,1,0,0,0,0,0
580,2001-11-03,F,8422.96,0,21,1,0,1,0,0,0,0
581,1994-09-19,F,7354.74,0,28,1,0,0,0,0,1,0
582,1984-04-26,M,5468.15,0,38,0,1,0,0,0,0,0
583,1987-03-11,F,5944.44,0,35,1,1,0,0,0,0,0
584,1993-07-07,F,5132.77,0,29,1,0,0,1,0,0,0
585,1947-10-17,F,3045.73,0,75,1,0,0,0,1,0,0
586,1955-11-05,M,5693.72,0,67,0,0,0,0,0,1,0
587,1971-10-11,F,6919.96,0,51,1,0,0,1,0,0,0
588,1946-02-05,M,8745.9,0,76,0,0,1,0,0,0,0
589,1947-12-30,F,6399.28,0,75,1,0,1,0,0,0,0
590,1998-09-19,M,7635.1,0,24,0,1,0,0,0,0,0
591,1950-06-08,M,1684.71,0,72,0,1,0,0,0,0,0
592,1967-12-08,F,4669.42,1,55,1,0,1,0,0,0,1
593,2003-04-16,M,192.38,0,19,0,1,0,0,0,0,0
594,1985-10-03,F,2542.12,0,37,1,0,0,0,0,1,0
595,2002-09-01,F,7291.97,0,20,1,1,0,0,0,0,0
596,1968-02-01,F,9918.92,0,54,1,0,0,0,1,0,0
597,1980-01-07,M,1081.86,0,42,0,1,0,0,0,0,0
598,1998-03-20,M,4074.79,0,24,0,0,0,1,0,0,0
599,1985-06-15,F,8020.7,0,37,1,0,0,0,0,1,0
600,1977-03-11,F,2119.95,0,45,1,0,0,1,0,0,0
601,2000-03-29,M,5595.34,0,22,0,0,0,1,0,0,0
602,1951-05-10,F,7357.41,0,71,1,0,0,0,1,0,0
603,2004-11-04,F,6198.26,0,18,1,0,0,0,0,1,0
604,1978-10-23,F,1961.44,0,44,1,0,0,0,0,1,0
605,1983-04-04,M,3618.31,0,39,0,0,0,0,0,1,0
606,1989-01-25,M,7859.54,0,33,0,0,0,0,0,1,0
607,1991-10-06,M,5586.84,0,31,0,0,0,0,0,1,0
608,1967-01-30,F,151.77,0,55,1,0,0,0,1,0,0
609,1964-12-18,F,7633.81,0,58,1,1,0,0,0,0,0
610,1996-09-05,F,449.58,0,26,1,0,0,1,0,0,0
611,1996-08-19,M,7482.76,0,26,0,0,0,0,0,1,0
612,1958-07-15,F,2104.56,0,64,1,1,0,0,0,0,0
613,1999-10-23,F,9584.93,1,23,1,1,0,0,0,0,1
614,2003-02-13,F,3742.61,0,19,1,0,0,1,0,0,0
615,1969-06-25,F,3336.62,0,53,1,0,0,0,1,0,0
616,2000-09-10,M,1573.99,0,22,0,0,1,0,0,0,0
617,1980-05-02,M,3125.48,0,42,0,0,1,0,0,0,0
618,1950-02-25,F,8778.84,0,72,1,1,0,0,0,0,0
619,2004-03-15,M,9963.71,0,18,0,0,0,1,0,0,0
620,1997-05-01,M,3746.26,1,25,0,0,1,0,0,0,1
621,2004-10-05,F,4541.25,0,18,1,1,0,0,0,0,0
622,1990-02-04,F,7248.5,0,32,1,0,0,0,1,0,0
623,1985-05-10,M,8873.34,0,37,0,0,1,0,0,0,0
624,1943-01-14,F,5971.14,0,79,1,1,0,0,0,0,0
625,1950-11-25,M,3976.1,0,72,0,1,0,0,0,0,0
626,1993-05-13,F,4184.96,0,29,1,0,0,0,0,1,0
627,1940-12-06,M,6986.62,0,82,0,0,0,0,1,0,0
628,1986-03-19,F,131.86,0,36,1,0,0,0,0,1,0
629,1945-11-08,M,6233.93,0,77,0,0,0,1,0,0,0
630,1979-11-30,M,3619.38,0,43,0,0,0,0,0,1,0
631,1957-11-17,M,7962.55,0,65,0,0,0,0,0,1,0
632,1993-07-24,F,1020.61,1,29,1,0,1,0,0,0,1
633,1948-11-18,M,5923.2,0,74,0,1,0,0,0,0,0
634,1981-12-19,M,4861.63,1,41,0,0,0,0,1,0,1
635,1944-04-21,F,6459.02,0,78,1,0,0,0,0,1,0
636,1987-08-31,F,742.05,0,35,1,0,0,0,1,0,0
637,2001-07-10,M,5841.84,0,21,0,0,0,0,0,1,0
638,1949-09-07,M,5658.7,0,73,0,0,0,1,0,0,0
639,1971-06-10,F,5650.53,0,51,1,0,0,0,0,1,0
640,1964-04-14,F,6074.53,0,58,1,0,1,0,0,0,0
641,1992-06-14,F,6797.03,0,30,1,1,0,0,0,0,0
642,1978-05-23,F,8069.39,0,44,1,0,0,1,0,0,0
643,1953-11-02,F,2771.23,0,69,1,0,0,0,0,1,0
644,1970-09-28,M,8267.99,0,52,0,0,0,0,1,0,0
645,1948-02-24,F,5032.73,1,74,1,0,0,1,0,0,0
646,1959-04-25,M,862.88,0,63,0,0,0,1,0,0,0
647,1963-12-22,M,679.65,0,59,0,0,0,0,0,1,0
648,1960-11-09,M,3408.96,0,62,0,0,0,1,0,0,0
649,1982-08-30,F,7870.48,0,40,1,0,0,0,1,0,0
650,1998-04-22,M,7106.04,0,24,0,0,0,1,0,0,0
651,1956-11-24,M,7907.29,0,66,0,0,0,0,1,0,0
652,1969-12-05,F,5220.96,0,53,1,0,0,0,0,1,0
653,1973-12-01,M,4457.97,0,49,0,1,0,0,0,0,0
654,1960-05-19,M,1559.78,0,62,0,0,0,1,0,0,0
655,1970-06-04,F,3349.11,0,52,1,1,0,0,0,0,0
656,1953-05-09,M,4396.79,1,69,0,0,0,0,1,0,1
657,1946-09-21,M,977.14,0,76,0,0,0,1,0,0,0
658,1949-02-11,M,2284.06,0,73,0,0,1,0,0,0,0
659,1996-08-15,F,6022.43,0,26,1,1,0,0,0,0,0
660,1942-11-26,F,7383.06,0,80,1,0,0,1,0,0,0
661,1994-11-20,F,9983.64,1,28,1,1,0,0,0,0,0
662,1961-01-02,M,9337.82,0,61,0,0,0,1,0,0,0
663,1962-11-19,M,6461.4,0,60,0,0,0,0,0,1,0
664,1999-04-09,F,4270.36,0,23,1,1,0,0,0,0,0
665,1991-08-04,M,6398.16,0,31,0,0,1,0,0,0,0
666,2001-09-28,M,7877.95,0,21,0,0,1,0,0,0,0
667,1998-03-20,F,1271.53,0,24,1,0,0,0,1,0,0
668,1949-12-22,F,4158.06,0,73,1,0,0,1,0,0,0
669,1964-05-28,M,8414.04,0,58,0,1,0,0,0,0,0
670,1954-05-08,M,3899.95,1,68,0,0,0,0,1,0,1
671,1969-09-24,M,5761.54,0,53,0,1,0,0,0,0,0
672,1979-05-04,F,5918.92,0,43,1,0,0,1,0,0,0
673,1990-10-05,F,1926.31,0,32,1,0,1,0,0,0,0
674,1970-12-20,F,3686.13,0,52,1,0,0,0,0,1,0
675,1963-04-07,F,3411.66,1,59,1,0,1,0,0,0,1
676,1980-01-15,M,359.35,0,42,0,0,0,0,1,0,0
677,1952-05-31,F,339.5,0,70,1,0,0,0,0,1,0
678,1953-03-02,F,8333.8,0,69,1,0,0,0,1,0,0
679,1986-09-27,F,2803.4,0,36,1,0,0,1,0,0,0
680,1999-05-07,F,5228.98,0,23,1,0,0,0,0,1,0
681,1968-07-27,F,3057.38,0,54,1,0,0,0,1,0,0
682,1998-08-06,M,9412.72,0,24,0,0,0,1,0,0,0
683,1992-05-14,M,2667.04,0,30,0,0,1,0,0,0,0
684,2002-02-13,F,4353.6,0,20,1,0,0,1,0,0,0
685,1940-09-06,M,8740.03,0,82,0,1,0,0,0,0,0
686,1979-04-14,F,8435.14,1,43,1,0,0,1,0,0,1
687,1962-07-26,F,1942.4,0,60,1,0,0,1,0,0,0
688,1940-04-09,M,8046.17,0,82,0,1,0,0,0,0,0
689,1994-08-04,M,4636.05,0,28,0,0,0,0,1,0,0
690,1968-10-26,F,4881.39,0,54,1,0,0,0,1,0,0
691,1961-11-27,F,1421.45,0,61,1,0,0,1,0,0,0
692,1991-03-26,F,897.95,1,31,1,1,0,0,0,0,1
693,1993-07-18,M,7306.6,0,29,0,1,0,0,0,0,0
694,1967-04-03,F,5014.97,0,55,1,0,1,0,0,0,0
695,1993-06-30,F,4424.82,0,29,1,0,0,0,1,0,0
696,1981-03-01,F,7322.13,0,41,1,0,0,0,0,1,0
697,1952-10-15,M,7678.58,0,70,0,0,0,0,1,0,0
698,1954-02-20,F,1673.19,0,68,1,0,0,0,1,0,0
699,1977-07-23,F,6141.23,0,45,1,0,1,0,0,0,0
700,1972-03-28,M,1440.01,0,50,0,0,0,0,0,1,0
701,1993-04-16,F,7538.61,0,29,1,0,1,0,0,0,0
702,1963-08-10,F,6603.86,0,59,1,0,0,0,0,1,0
703,1972-09-07,M,9570.48,0,50,0,0,0,1,0,0,0
704,2003-02-26,F,782.68,0,19,1,0,0,0,0,1,0
705,1996-11-24,M,664.84,0,26,0,0,1,0,0,0,0
706,1992-07-06,M,2893.65,0,30,0,0,0,0,1,0,0
707,1984-04-26,F,2690.89,0,38,1,0,0,0,0,1,0
708,2003-07-19,F,2545.09,0,19,1,0,0,0,0,1,0
709,1989-01-24,F,9071.92,0,33,1,1,0,0,0,0,0
710,1992-12-04,F,2570.51,0,30,1,0,0,0,1,0,0
711,1967-07-18,M,2792.3,0,55,0,0,0,1,0,0,0
712,1972-09-18,F,7618.04,0,50,1,0,1,0,0,0,0
713,2002-04-26,M,4552.42,1,20,0,0,0,1,0,0,1
714,1963-11-09,F,7789.43,0,59,1,0,0,0,1,0,0
715,1993-05-31,F,747.12,0,29,1,0,0,0,0,1,0
716,1989-03-04,F,4926.95,0,33,1,0,0,0,0,1,0
717,1986-08-17,M,432.77,0,36,0,0,0,0,1,0,0
718,1955-10-31,F,720.27,0,67,1,0,0,0,0,1,0
719,1993-08-14,F,9073.73,0,29,1,0,0,0,0,1,0
720,1970-12-05,F,1478.53,0,52,1,0,0,0,0,1,0
721,1967-11-28,F,5370.96,0,55,1,0,1,0,0,0,0
722,1991-11-08,M,4169.85,0,31,0,0,1,0,0,0,0
723,1946-06-26,F,3538.7,0,76,1,1,0,0,0,0,0
724,1973-07-10,M,9008.35,0,49,0,0,0,1,0,0,0
725,1996-10-31,M,316.05,0,26,0,0,0,0,1,0,0
726,1952-02-25,M,6671.52,0,70,0,0,0,0,1,0,0
727,1967-05-23,M,9637.6,0,55,0,0,0,0,1,0,0
728,1977-04-04,M,5645.67,0,45,0,1,0,0,0,0,0
729,1956-08-29,M,9374.54,0,66,0,0,1,0,0,0,0
730,1944-03-17,F,617.35,0,78,1,1,0,0,0,0,0
731,2002-10-19,M,4246.05,0,20,0,0,0,0,1,0,0
732,1944-02-18,M,2675.56,0,78,0,0,0,1,0,0,0
733,1957-07-16,M,7335.13,1,65,0,0,0,0,0,1,1
734,1941-01-30,F,9814.84,0,81,1,0,1,0,0,0,0
735,2001-08-19,F,2639.65,0,21,1,0,1,0,0,0,0
736,1960-04-16,M,6576.33,0,62,0,1,0,0,0,0,0
737,1958-05-25,F,2061.17,0,64,1,0,1,0,0,0,0
738,1993-11-20,M,5696.77,0,29,0,0,0,0,1,0,0
739,1976-12-06,M,4692.93,0,46,0,0,0,0,1,0,0
740,2003-04-01,F,9722.85,0,19,1,1,0,0,0,0,0
741,1999-01-31,M,6124.42,0,23,0,0,0,0,1,0,0
742,1957-12-07,F,3560.11,0,65,1,0,0,1,0,0,0
743,1995-02-27,F,1229.55,0,27,1,1,0,0,0,0,0
744,1976-03-21,M,1597.34,1,46,0,0,0,1,0,0,1
745,1985-09-22,M,2330.64,0,37,0,0,0,0,0,1,0
746,1979-06-20,F,2584.57,0,43,1,0,0,1,0,0,0
747,1987-02-24,M,8521.1,0,35,0,0,0,0,0,1,0
748,1989-10-29,M,5656.11,1,33,0,0,0,0,0,1,1
749,1952-04-05,M,5281.57,0,70,0,0,0,1,0,0,0
750,1991-03-17,F,1236.21,0,31,1,1,0,0,0,0,0
751,1942-08-27,F,8615.38,0,80,1,0,0,0,1,0,0
752,1968-01-27,M,7255.86,0,54,0,0,0,0,1,0,0
753,1955-09-04,F,769.92,0,67,1,0,0,0,0,1,0
754,1966-11-27,F,7107.57,0,56,1,0,0,0,0,1,0
755,2003-04-15,F,5481.03,0,19,1,1,0,0,0,0,0
756,1974-09-10,F,909.08,0,48,1,0,1,0,0,0,0
757,1995-04-15,F,4637.18,0,27,1,0,0,1,0,0,0
758,1946-01-08,M,4898.49,0,76,0,0,0,0,0,1,0
759,1952-10-01,M,1741.17,0,70,0,0,0,0,1,0,0
760,1993-01-15,M,9462.41,0,29,0,1,0,0,0,0,0
761,1945-03-06,F,8514.76,0,77,1,0,0,1,0,0,0
762,1986-11-16,F,6723.32,1,36,1,1,0,0,0,0,0
763,2004-11-18,M,4676.73,0,18,0,0,0,1,0,0,0
764,1966-08-06,F,4176.48,0,56,1,0,0,1,0,0,0
765,1967-12-30,M,6544.64,0,55,0,0,0,0,0,1,0
766,1968-08-01,M,5499.78,1,54,0,1,0,0,0,0,1
767,1968-01-14,M,716.5,0,54,0,1,0,0,0,0,0
768,1996-07-20,F,5173.78,0,26,1,0,0,0,1,0,0
769,1982-11-07,F,8083.4,0,40,1,0,0,0,1,0,0
770,1983-03-24,M,4646.47,0,39,0,0,0,0,0,1,0
771,1949-02-25,M,614.37,0,73,0,0,0,0,0,1,0
772,1987-06-25,M,7884.15,0,35,0,0,1,0,0,0,0
773,1974-02-18,M,2093.5,0,48,0,0,0,0,1,0,0
774,1974-02-07,F,2660.35,1,48,1,0,0,1,0,0,1
775,1986-08-13,F,1730.59,0,36,1,1,0,0,0,0,0
776,1972-03-23,M,3369.13,0,50,0,0,0,0,0,1,0
777,1962-07-19,M,7591.84,0,60,0,1,0,0,0,0,0
778,1981-05-27,F,5241.92,0,41,1,1,0,0,0,0,0
779,1985-02-09,F,2128.32,0,37,1,0,1,0,0,0,0
780,1986-02-12,M,8790.52,0,36,0,0,0,0,1,0,0
781,1994-07-11,M,8807.86,0,28,0,0,0,0,0,1,0
782,1972-07-18,M,8718.73,0,50,0,1,0,0,0,0,0
783,1954-12-16,F,2464.08,1,68,1,0,0,0,0,1,1
784,1999-07-31,F,4567.27,0,23,1,0,0,1,0,0,0
785,2003-02-07,F,9851.4,0,19,1,0,1,0,0,0,0
786,1984-02-18,M,7742.92,1,38,0,0,0,1,0,0,1
787,1941-02-06,M,368.96,0,81,0,0,0,0,0,1,0
788,2000-02-03,F,745.53,0,22,1,0,0,0,0,1,0
789,1948-08-03,F,4692.92,0,74,1,0,0,0,1,0,0
790,1986-12-16,M,9101.28,0,36,0,1,0,0,0,0,0
791,1970-05-02,F,5433.15,0,52,1,1,0,0,0,0,0
792,1943-08-07,F,5028.34,0,79,1,0,0,1,0,0,0
793,1963-06-17,M,1144.19,0,59,0,0,1,0,0,0,0
794,1981-02-22,F,6602.12,0,41,1,1,0,0,0,0,0
795,1977-08-30,M,8238.82,0,45,0,0,0,0,1,0,0
796,1953-04-14,M,3866.16,0,69,0,0,0,1,0,0,0
797,1999-01-17,M,7778.56,0,23,0,0,0,1,0,0,0
798,1941-11-06,M,9648.32,1,81,0,0,0,0,1,0,1
799,1977-10-01,M,2117.29,0,45,0,0,1,0,0,0,0
800,1969-05-23,M,5280.96,0,53,0,0,0,0,1,0,0
801,1940-01-23,M,2942.67,0,82,0,0,1,0,0,0,0
802,1968-02-20,F,7949.26,0,54,1,0,0,0,1,0,0
803,1967-11-06,M,5818.17,1,55,0,0,0,0,1,0,0
804,1993-12-06,M,6382.37,0,29,0,0,0,0,0,1,0
805,1980-10-30,F,7999.35,0,42,1,0,0,1,0,0,0
806,1986-04-21,F,4020.11,0,36,1,0,0,0,1,0,0
807,1992-05-21,F,9159.39,0,30,1,0,0,0,1,0,0
808,1959-05-18,M,5376.99,0,63,0,1,0,0,0,0,0
809,1947-05-31,F,1663.75,1,75,1,0,0,1,0,0,1
810,2001-11-28,M,6989.4,0,21,0,1,0,0,0,0,0
811,1944-02-06,M,7953.29,0,78,0,0,0,1,0,0,0
812,1999-07-01,M,3235.94,0,23,0,1,0,0,0,0,0
813,2002-02-09,M,8586.07,0,20,0,0,0,0,1,0,0
814,1986-10-05,F,9070.82,0,36,1,0,0,0,1,0,0
815,1947-01-16,F,2841.35,0,75,1,0,0,0,0,1,0
816,1965-05-09,M,9836.86,0,57,0,1,0,0,0,0,0
817,1973-09-21,M,1493.04,0,49,0,0,1,0,0,0,0
818,1952-08-10,M,2099.96,0,70,0,0,0,0,0,1,0
819,1942-12-03,F,1923.83,0,80,1,1,0,0,0,0,0
820,1963-11-09,M,8950.5,0,59,0,1,0,0,0,0,0
821,1964-01-19,M,6577.5,0,58,0,0,0,0,0,1,0
822,1993-12-25,F,1605.83,0,29,1,0,0,0,1,0,0
823,1950-07-22,F,4459.2,0,72,1,1,0,0,0,0,0
824,1956-04-12,M,6191.45,0,66,0,0,0,0,1,0,0
825,1995-05-18,F,926.29,0,27,1,0,0,0,0,1,0
826,1951-12-14,F,8835.92,0,71,1,0,0,0,1,0,0
827,1983-11-25,M,8055.68,0,39,0,0,0,1,0,0,0
828,1951-04-26,F,5101.55,0,71,1,0,1,0,0,0,0
829,1976-07-26,M,9674.55,0,46,0,1,0,0,0,0,0
830,1976-06-04,F,4235.83,0,46,1,0,1,0,0,0,0
831,1963-09-05,M,9842.69,0,59,0,0,0,0,1,0,0
832,2000-12-31,M,6712.41,0,22,0,1,0,0,0,0,0
833,1982-05-20,M,6383.25,0,40,0,0,0,0,1,0,0
834,2000-07-14,F,1742.95,0,22,1,0,0,1,0,0,0
835,1986-01-20,M,8831.08,1,36,0,0,0,0,0,1,1
836,1977-12-18,F,4332.15,0,45,1,1,0,0,0,0,0
837,1981-06-18,M,1706.11,0,41,0,0,0,1,0,0,0
838,1959-07-07,M,224.81,0,63,0,0,0,1,0,0,0
839,1940-04-09,F,5641.58,1,82,1,1,0,0,0,0,1
840,1953-04-04,M,5321.26,0,69,0,0,0,0,1,0,0
841,1949-05-25,M,7221.6,0,73,0,0,0,1,0,0,0
842,1988-07-20,F,8913.55,0,34,1,0,1,0,0,0,0
843,1964-12-31,M,886.13,0,58,0,0,0,1,0,0,0
844,1947-02-23,M,7341.82,0,75,0,0,0,0,1,0,0
845,1974-05-19,M,1955.38,0,48,0,0,0,0,1,0,0
846,1984-06-27,M,8595.95,0,38,0,0,1,0,0,0,0
847,1976-01-10,F,8208.73,0,46,1,0,0,1,0,0,0
848,2003-10-24,F,5453.86,1,19,1,0,0,0,1,0,1
849,1973-12-17,M,7131.4,0,49,0,1,0,0,0,0,0
850,1997-04-10,F,3212.07,0,25,1,0,0,0,0,1,0
851,1960-03-20,M,4764.56,0,62,0,0,0,0,0,1,0
852,1958-05-28,F,8234.21,0,64,1,0,0,0,0,1,0
853,1986-03-20,M,4646.73,0,36,0,0,0,1,0,0,0
854,1956-07-23,M,3642.2,0,66,0,0,1,0,0,0,0
855,1984-03-15,M,4992.7,0,38,0,0,0,0,1,0,0
856,1995-09-29,M,8299.67,0,27,0,1,0,0,0,0,0
857,1982-05-06,M,3418.56,0,40,0,1,0,0,0,0,0
858,1967-03-24,M,1820.24,0,55,0,0,0,1,0,0,0
859,1944-03-01,F,7148.94,0,78,1,0,0,0,0,1,0
860,1945-10-04,M,8277.18,0,77,0,0,0,1,0,0,0
861,1940-11-16,F,1096.31,0,82,1,0,1,0,0,0,0
862,1967-01-02,M,2474.75,0,55,0,0,1,0,0,0,0
863,2004-11-26,F,1505.52,1,18,1,0,0,0,1,0,1
864,1997-02-28,F,3544.62,0,25,1,0,0,0,1,0,0
865,1996-08-22,F,4558.47,0,26,1,0,1,0,0,0,0
866,1961-01-23,M,7513.38,0,61,0,0,1,0,0,0,0
867,2003-08-12,M,6546.36,0,19,0,0,1,0,0,0,0
868,1952-03-08,F,6247.19,0,70,1,0,0,1,0,0,0
869,2002-06-12,M,3588.51,0,20,0,0,1,0,0,0,0
870,1955-06-23,F,8430.33,0,67,1,1,0,0,0,0,0
871,1959-10-24,M,4765.74,0,63,0,0,0,0,0,1,0
872,1995-11-24,F,9793.14,0,27,1,0,1,0,0,0,0
873,1972-03-16,F,6378.01,1,50,1,0,0,0,0,1,1
874,1950-01-14,M,1350.02,0,72,0,0,0,1,0,0,0
875,1998-07-21,F,6794.16,0,24,1,0,0,0,0,1,0
876,1997-06-03,M,3318.53,0,25,0,0,0,1,0,0,0
877,1967-04-14,F,6894.64,0,55,1,1,0,0,0,0,0
878,1996-05-02,F,789.45,0,26,1,0,0,1,0,0,0
879,1955-05-03,M,1831.33,0,67,0,0,0,1,0,0,0
880,1976-06-04,M,8571.8,0,46,0,0,0,0,1,0,0
881,1982-04-24,M,2349.08,0,40,0,0,1,0,0,0,0
882,1970-06-29,F,8386.71,0,52,1,0,1,0,0,0,0
883,1974-10-15,M,2864.83,0,48,0,1,0,0,0,0,0
884,1982-10-25,F,6464.53,0,40,1,1,0,0,0,0,0
885,1979-09-07,F,6972.09,0,43,1,0,1,0,0,0,0
886,1977-01-05,M,5175.28,0,45,0,0,0,0,1,0,0
887,1970-10-24,M,3122.58,0,52,0,0,1,0,0,0,0
888,1999-11-20,F,2205.18,0,23,1,0,0,0,1,0,0
889,1965-11-04,F,428.57,0,57,1,1,0,0,0,0,0
890,1978-12-31,M,3109.07,0,44,0,0,0,0,0,1,0
891,1995-11-14,M,6566.31,0,27,0,1,0,0,0,0,0
892,1975-12-27,M,9389.22,0,47,0,1,0,0,0,0,0
893,1974-06-10,M,8724.92,0,48,0,0,0,1,0,0,0
894,1943-08-14,M,7684.04,0,79,0,0,0,1,0,0,0
895,1980-10-20,F,7905.63,0,42,1,0,0,1,0,0,0
896,1984-05-02,F,6683.35,0,38,1,0,0,1,0,0,0
897,1956-10-02,F,2676.84,0,66,1,0,0,0,1,0,0
898,1973-04-08,F,9081.23,1,49,1,0,1,0,0,0,1
899,1971-01-15,M,6740.25,1,51,0,0,0,0,0,1,1
900,2003-02-28,M,5648.36,0,19,0,1,0,0,0,0,0
901,2002-02-18,M,1198.8,0,20,0,0,0,0,1,0,0
902,1988-04-21,F,4525.85,0,34,1,0,0,0,0,1,0
903,1964-10-03,F,4657.55,1,58,1,0,0,0,1,0,0
904,1972-07-11,M,8659.18,0,50,0,0,0,0,1,0,0
905,1995-08-13,M,5511.82,0,27,0,1,0,0,0,0,0
906,1992-01-09,F,3865.97,0,30,1,0,1,0,0,0,0
907,1968-10-29,F,9770.32,0,54,1,0,0,1,0,0,0
908,1973-02-04,M,1196.13,0,49,0,0,1,0,0,0,0
909,1996-09-09,M,4283.23,0,26,0,1,0,0,0,0,0
910,1961-06-04,F,516.04,0,61,1,1,0,0,0,0,0
911,2004-11-23,M,7425.05,0,18,0,1,0,0,0,0,0
912,1975-12-30,M,9188.96,0,47,0,0,0,0,0,1,0
913,1965-11-15,M,2872.37,0,57,0,0,1,0,0,0,0
914,1958-02-08,F,8597.58,0,64,1,0,1,0,0,0,0
915,1985-09-02,F,2992.96,0,37,1,0,0,0,1,0,0
916,1959-10-23,F,9116.62,0,63,1,0,0,0,1,0,0
917,1956-12-02,F,7564.22,0,66,1,0,0,0,1,0,0
918,1984-07-09,F,8068.58,0,38,1,1,0,0,0,0,0
919,1941-06-22,F,278.26,0,81,1,0,1,0,0,0,0
920,1941-06-03,F,9631.82,0,81,1,1,0,0,0,0,0
921,1977-12-03,M,7294.04,0,45,0,0,0,0,0,1,0
922,1942-04-17,M,3117.04,0,80,0,0,0,0,1,0,0
923,2002-05-04,M,8311.01,0,20,0,1,0,0,0,0,0
924,1968-01-27,M,2887.06,0,54,0,1,0,0,0,0,0
925,1974-09-25,M,8740.26,0,48,0,0,0,0,0,1,0
926,1957-11-30,M,1214.55,0,65,0,0,0,1,0,0,0
927,2000-11-11,M,7066.49,0,22,0,0,1,0,0,0,0
928,1971-03-30,F,5452.91,0,51,1,0,0,1,0,0,0
929,1959-12-21,F,1055.69,0,63,1,0,0,0,1,0,0
930,1983-06-24,M,2494.75,0,39,0,1,0,0,0,0,0
931,1996-07-24,M,222.8,0,26,0,0,0,0,0,1,0
932,1983-03-14,F,4740.8,0,39,1,0,0,0,0,1,0
933,1962-06-16,M,3082.53,0,60,0,0,1,0,0,0,0
934,1942-12-31,M,6023.74,0,80,0,0,0,1,0,0,0
935,1999-01-09,F,3042.65,0,23,1,0,1,0,0,0,0
936,1991-12-25,M,3069.2,0,31,0,1,0,0,0,0,0
937,1971-01-28,F,7457.61,0,51,1,0,1,0,0,0,0
938,1967-10-03,M,576.61,0,55,0,0,0,0,0,1,0
939,1999-12-20,F,9038.66,0,23,1,0,0,0,0,1,0
940,1996-07-28,F,8537.41,0,26,1,0,0,0,1,0,0
941,1976-09-30,F,6711.27,0,46,1,0,0,0,1,0,0
942,1993-12-06,M,5972.89,0,29,0,1,0,0,0,0,0
943,1968-06-06,F,8933.79,0,54,1,0,0,1,0,0,0
944,1988-04-03,M,1934.77,1,34,0,0,1,0,0,0,1
945,1967-06-28,M,881.79,0,55,0,1,0,0,0,0,0
946,2004-09-01,M,2471.15,0,18,0,0,0,0,1,0,0
947,1990-04-03,M,7966.32,0,32,0,0,1,0,0,0,0
948,1996-11-01,F,443.24,0,26,1,0,0,0,1,0,0
949,1947-06-04,F,5869.79,0,75,1,0,1,0,0,0,0
950,1975-08-12,M,9954.83,0,47,0,0,0,1,0,0,0
951,1989-05-21,M,8571.39,0,33,0,1,0,0,0,0,0
952,1959-05-18,F,5262.31,0,63,1,0,1,0,0,0,0
953,1945-11-20,M,730.05,0,77,0,0,0,0,0,1,0
954,1955-05-17,F,8330.6,0,67,1,0,0,0,0,1,0
955,1947-01-25,M,6029.89,0,75,0,0,1,0,0,0,0
956,1945-10-07,M,1237.84,0,77,0,0,1,0,0,0,0
957,1955-02-14,F,1029.19,0,67,1,0,1,0,0,0,0
958,1944-11-13,M,9105.31,0,78,0,0,0,0,0,1,0
959,2000-07-21,F,6725.08,0,22,1,0,0,0,0,1,0
960,1949-07-10,M,8309.94,0,73,0,0,1,0,0,0,0
961,1975-05-20,M,8801.89,0,47,0,0,0,0,1,0,0
962,1953-06-05,M,5760.55,0,69,0,0,0,0,1,0,0
963,1983-02-19,F,5222.72,0,39,1,0,0,1,0,0,0
964,1996-07-27,M,4361.23,0,26,0,1,0,0,0,0,0
965,1954-06-16,M,3237.77,0,68,0,0,0,0,1,0,0
966,1967-01-18,M,4402.5,0,55,0,0,0,0,0,1,0
967,1979-04-23,M,7761.41,0,43,0,0,0,0,1,0,0
968,1945-01-16,F,6059.04,0,77,1,0,0,1,0,0,0
969,1976-04-28,F,8935.98,0,46,1,0,0,1,0,0,0
970,1980-09-11,M,4489.46,0,42,0,1,0,0,0,0,0
971,1977-10-10,F,6110.19,0,45,1,0,0,0,1,0,0
972,1977-01-20,M,6349.94,0,45,0,0,0,0,0,1,0
973,1962-08-27,M,5957.8,0,60,0,0,0,0,0,1,0
974,1948-11-29,M,7056.07,0,74,0,0,1,0,0,0,0
975,1955-07-13,F,2450.59,0,67,1,0,0,0,0,1,0
976,1945-10-01,F,5172.4,0,77,1,1,0,0,0,0,0
977,1970-08-31,F,1131.83,0,52,1,1,0,0,0,0,0
978,1947-01-09,F,3906.66,0,75,1,0,0,0,0,1,0
979,1982-09-14,F,4927.9,0,40,1,0,0,0,0,1,0
980,1964-01-27,F,6557.02,0,58,1,0,1,0,0,0,0
981,1951-03-13,F,9510.26,0,71,1,0,0,0,0,1,0
982,1942-07-21,F,6046.45,0,80,1,0,1,0,0,0,0
983,1943-01-21,F,7461.58,0,79,1,0,1,0,0,0,0
984,1958-02-08,M,5112.03,0,64,0,0,0,0,0,1,0
985,1971-12-29,F,6377.63,0,51,1,0,0,1,0,0,0
986,1998-07-25,F,802.23,0,24,1,0,0,1,0,0,0
987,1952-04-16,F,2618.48,0,70,1,0,1,0,0,0,0
988,1975-01-25,F,3682.35,0,47,1,0,0,0,0,1,0
989,1952-06-30,F,4777.68,0,70,1,0,0,1,0,0,0
990,1998-02-05,F,551.92,0,24,1,0,0,0,0,1,0
991,1940-12-09,F,1486.24,0,82,1,0,0,0,0,1,0
992,1993-02-12,F,2840.46,0,29,1,0,0,0,0,1,0
993,2000-10-06,F,9718.17,0,22,1,0,0,0,1,0,0
994,1971-11-27,F,3380.34,0,51,1,0,0,0,0,1,0
995,1991-06-07,F,4872.21,1,31,1,0,0,0,1,0,1
996,1947-02-07,M,2041.37,0,75,0,0,1,0,0,0,0
997,2000-10-08,M,6146.72,0,22,0,0,0,1,0,0,0
998,1997-03-23,F,2878.76,0,25,1,0,0,1,0,0,0
999,1968-10-18,F,2149.23,0,54,1,0,0,1,0,0,0
1000,1991-01-27,M,5214.07,0,31,0,0,0,1,0,0,0
